speckle_noise,gaussian_blur,bubble,saturate
0.25725113402061855,0.24459958762886597,0.30336329896907216,0.3210812371134021
