speckle_noise,gaussian_blur,bubble,shear
0.16994775533676149,0.011995820701122284,0.03889237158000469,0.044660397619009015
