speckle_noise,gaussian_blur,bubble,saturate
0.31877443298969077,0.2505723711340206,0.40168247422680403,0.335340206185567
