speckle_noise,gaussian_blur,bubble,shear
0.2331452488899231,0.0050156739540398124,0.02865203730762005,0.03839080408215523
